bookID,title,authors,average_rating,isbn,isbn13,language_code,  num_pages,ratings_count,text_reviews_count,publication_date,publisher
33439,Strawberry Shortcake Murder (Hannah Swensen  #2),Joanne Fluke,3.85,1575667215,9781575667218,eng,320,14668,881,2/2/2002,Kensington
1537,The Oedipus Plays of Sophocles: Oedipus the King; Oedipus at Colonus; Antigone,Sophocles/Paul Roche,3.97,0452011671,9780452011670,eng,288,553,46,5/1/1996,Plume
32330,Air Gear  Vol. 1 (Air Gear  #1),Oh! Great/大暮 維人,3.92,0345492781,9780345492784,eng,224,1875,37,7/25/2006,Del Rey
24010,"Laguna  I Love You: The Best of ""Our Town""",John Weld/Phil Interlandi,0.0,1564741575,9781564741578,eng,285,0,0,3/1/1996,Fithian Press
6544,The Scarpetta Collection: All That Remains / Cruel & Unusual (Kay Scarpetta  #3  #4),Patricia Cornwell,4.16,074325581X,9780743255813,eng,672,30,2,11/11/2003,Scribner
1365,The Histories,Herodotus/Carolyn Dewald/Robin Waterfield,3.99,0192824252,9780192824257,eng,772,271,41,11/19/1998,Oxford University Press
3774,The Subterraneans,Jack Kerouac,3.68,0141184892,9780141184890,eng,192,426,42,9/6/2007,Penguin Books Ltd
45169,Step on a Crack (Michael Bennett  #1),James Patterson/Michael Ledwidge,4.01,0316013943,9780316013949,eng,383,37552,1592,2/6/2007,Little Brown and Company
33751,Die Naschkatzen,Jennifer Crusie,3.94,3442448964,9783442448968,ger,480,15,1,4/1/2001,Goldmann Verlag
12564,Sometimes a Great Notion,Ken Kesey/Charles Bowden,4.17,0143039865,9780143039860,eng,715,577,80,8/29/2006,Penguin Classics
5089,A Short History of Nearly Everything (Illustrated Edition),Bill Bryson,4.21,0385663552,9780385663557,eng,624,28,7,10/5/2010,Anchor Canada
26327,The Power of Truth: A Leading with Emotional Intelligence Conversation with Warren Bennis,Daniel Goleman/Warren Bennis,3.82,1593979746,9781593979744,eng,0,11,2,11/14/2006,Macmillan Audio
15438,Firefly,Piers Anthony,3.25,0380759500,9780380759507,eng,466,2420,128,3/1/1992,Avon Books
14693,The Sword of Welleran and Other Stories,Lord Dunsany/Sidney H. Sime,4.01,0486442179,9780486442174,eng,112,328,41,4/1/2005,Dover Publications
36956,Grizzwold,Syd Hoff,3.82,0064440575,9780064440578,eng,64,214,23,9/5/1984,HarperCollins
22802,犬夜叉 22,Rumiko Takahashi,4.25,4091256422,9784091256423,jpn,192,13,1,8/9/2001,小学館
702,Modern Latin America,Thomas E. Skidmore/Peter H. Smith,3.59,019517013X,9780195170139,en-US,528,234,11,10/7/2004,Oxford University Press  USA
33809,Word of Honor,Nelson DeMille,4.17,0446674826,9780446674829,eng,880,8296,275,9/1/1998,Grand Central Publishing
32121,Last Rights (Francis Hancock #1),Barbara Nadel,3.53,0755321367,9780755321360,eng,352,132,15,1/2/2006,Headline
10654,Coach: Lessons on the Game of Life,Michael   Lewis,3.82,0393060918,9780393060911,en-US,96,1502,167,4/17/2005,W. W. Norton  Company
33282,Jessica's Bad Idea (Sweet Valley Twins and Friends  #31),Francine Pascal/Jamie Suzanne,3.46,0553157272,9780553157277,eng,104,318,6,8/1/1989,Bantam
7781,The 500 Hats of Bartholomew Cubbins,Dr. Seuss,4.04,039484484X,9780394844848,eng,56,13097,324,12/9/1989,Random House Books for Young Readers
6980,The Dance of the Dissident Daughter: A Woman's Journey from Christian Tradition to the Sacred Feminine,Sue Monk Kidd,3.95,0061144908,9780061144905,en-US,253,572,70,12/26/1996,HarperOne
12113,Six Characters in Search of an Author and Other Plays,Luigi Pirandello/Mark Musa,3.95,014018922X,9780140189223,eng,224,2935,63,6/29/1995,Penguin Classics
42688,Hemingway vs. Fitzgerald,Scott Donaldson,3.85,1585671266,9781585671267,eng,352,185,19,12/1/2001,Harry N. Abrams
9632,Switch on the Night,Ray Bradbury/Leo Dillon/Diane Dillon,4.13,0553112449,9780553112443,en-US,40,198,12,9/14/2004,Dragonfly Books
5084,My Life in France,Julia Child/Alex Prud'Homme,4.17,1400043468,9781400043460,eng,336,69153,6152,4/4/2006,Knopf Publishing Group
37780,Anatomy of a Boyfriend (Anatomy  #1),Daria Snadowsky,3.41,0385733208,9780385733205,eng,259,4470,485,1/9/2007,Delacorte Press
12301,The Scarlet Letter,Nathaniel Hawthorne,3.4,074326469X,9780743264693,eng,538,534,11,8/2/2005,Kaplan
12099,Three Plays: Exit the King / The Killer / Macbett,Eugène Ionesco/Charles Marowitz/Donald   Watson,4.11,0802151108,9780802151100,eng,105,175,9,1/13/1994,Grove Press
44321,A Cargo of Women: Susannah Watson and the Convicts of the Princess Royal,Babette Smith,3.58,1877058335,9781877058332,eng,264,0,0,6/1/2005,Rosenberg Publishing
38673,Peter Pan in Kensington Gardens / Peter and Wendy,J.M. Barrie/Peter Hollindale,4.06,0192839292,9780192839299,eng,288,4206,102,10/28/1999,Oxford University Press
32350,Mutants & Masterminds: RPG,Steve Kenson/Ramón Pérez,3.81,1932442529,9781932442526,eng,253,305,8,11/1/2005,Green Ronin Publishing
27333,Silent Spring,Rachel Carson/Linda Lear/Edward O. Wilson,3.97,0618249060,9780618249060,eng,378,30281,1694,10/22/2002,Mariner Books
21328,Fables  Vol. 6: Homelands,Bill Willingham/David Hahn/Mark Buckingham/Lan Medina/Steve Leialoha,4.28,1401205003,9781401205003,eng,190,21472,637,1/27/2006,Vertigo
23011,In the Beginning: The Story of the King James Bible and How it Changed a Nation  a Language  and a Culture,Alister E. McGrath,3.97,0385722168,9780385722162,eng,354,515,76,2/19/2002,Anchor
935,Geisha of Gion,Mineko Iwasaki/Rande Brown,3.93,074343059X,9780743430593,eng,334,1556,158,5/6/2003,Pocket Books
42415,The Little Fire Engine,Lois Lenski,3.56,0375810706,9780375810701,eng,56,209,27,10/24/2000,Random House Books for Young Readers
21498,The Black Marble,Joseph Wambaugh,3.83,0440613965,9780440613961,en-US,416,936,45,9/2/1998,Dell
12789,Falling Angels (Luc Actar #1),Melissa M. Garcia,4.67,0595377106,9780595377107,eng,216,1,0,2/14/2006,iUniverse
15529,II Maccabees,Anonymous/Jonathan  A. Goldstein,4.04,0385048645,9780385048644,eng,595,24,2,10/11/1983,Anchor Bible
12412,The Complete Fiction of Nella Larsen: Passing  Quicksand  and the Stories,Nella Larsen/Charles Larson/Marita Golden,4.14,0385721005,9780385721004,eng,278,824,59,11/6/2001,Anchor Books
537,The Lovely Bones,Alice Sebold,3.81,0330485385,9780330485388,en-GB,328,6485,966,6/1/2003,Picador
6553,The Manhattan Hunt Club,John Saul,3.98,0345490649,9780345490643,eng,384,4889,221,3/28/2006,Ballantine Books
35440,Star Wars: Clone Wars  Volume 6: On the Fields of Battle,John Ostrander/Jan Duursema,4.04,1593073526,9781593073527,eng,168,487,18,8/2/2005,Dark Horse Books
13881,Rage of a Demon King (The Serpentwar Saga  #3),Raymond E. Feist,4.05,0380974738,9780380974733,en-US,436,21965,92,4/1/1997,Avon Books
40005,Hannibal's Children,John Maddox Roberts,3.68,0441010385,9780441010387,eng,359,204,18,3/25/2003,Berkley Publishing Group
3841,Lectures on Don Quixote,Vladimir Nabokov/Fredson Bowers/Guy Davenport/Miguel de Cervantes Saavedra/Samuel Putnam,3.87,0156495406,9780156495400,eng,240,275,14,4/18/1984,Harcourt Brace Jovanovich
37539,Egyptian Myth: A Very Short Introduction,Geraldine Pinch,3.61,0192803468,9780192803467,eng,143,189,18,7/8/2004,Oxford University Press  USA
24761,An Acceptable Time (Time Quintet  #5),Madeleine L'Engle,3.82,0440208149,9780440208143,eng,343,16434,639,12/1/1990,Laurel Leaf Books
9330,The House of the Spirits,Isabel Allende/Madga Bogin/Christopher Hitchens,4.23,1400043182,9781400043187,eng,488,270,49,4/19/2005,Everyman's Library
43394,Orwell in Spain: The Full Text of Homage to Catalonia  with Associated Articles  Reviews and Letters from the Complete Works of George Orwell,George Orwell/Christopher Hitchens,4.14,0141185163,9780141185163,eng,416,211,16,5/3/2001,Penguin Classics
17236,Dracula,Bram Stoker/Jan Needle/Gary Blythe,3.99,0744586534,9780744586534,eng,336,73,8,10/4/2004,Walker Books Ltd
1022,Read My Lips: Sexual Subversion and the End of Gender,Riki Anne Wilchins,3.95,1563410907,9781563410901,en-US,288,253,17,6/1/2005,Firebrand Books
12074,Wittgenstein's Poker: The Story of a Ten-Minute Argument Between Two Great Philosophers,David Edmonds/John Eidinow,3.76,0060936649,9780060936648,eng,368,2284,169,9/17/2002,Ecco
30260,A Fistful of Charms (The Hollows  #4),Kim Harrison,4.29,0060788194,9780060788193,eng,510,47773,1109,6/27/2006,HarperTorch
7672,Congo,Michael Crichton,3.59,0060541830,9780060541835,eng,442,144636,1546,10/28/2003,Avon Books
28202,The Metaphysical Club,Louis Menand,4.07,0007126905,9780007126903,eng,560,3445,349,2/1/2010,HarperCollins Publishers
39785,How Do You Lose Those Ninth-grade Blues?,Barthe DeClements,3.74,0140363335,9780140363333,eng,144,10,1,4/1/1993,Puffin
13931,Foxmask (Saga of the Light Isles  #2),Juliet Marillier,4.1,0765345919,9780765345912,eng,560,4123,145,11/1/2005,Tor Fantasy
16575,Color Drawing: Design Drawing Skills and Techniques for Architects  Landscape Architects  and Interior Designers,Michael E. Doyle,4.26,0471292451,9780471292456,eng,360,161,3,6/30/1999,Wiley
17174,A Yellow Raft in Blue Water,Michael Dorris,3.86,0312421850,9780312421854,en-US,372,16190,897,3/5/2003,Picador USA
40016,Young Goodman Brown and Other Short Stories,Nathaniel Hawthorne,3.86,0486270602,9780486270609,eng,111,9101,126,2/5/1992,Dover Publications
25246,Hegel: A Very Short Introduction,Peter Singer,3.86,019280197X,9780192801975,eng,131,1141,122,12/6/2001,Oxford University Press
30675,The Thirteenth Tribe,Arthur Koestler,3.93,0330250698,9780330250696,eng,224,9,3,9/9/1977,Picador
333,The Zebra Wall,Kevin Henkes,3.44,0060733039,9780060733032,eng,147,217,24,2/15/2005,Greenwillow Books
28061,Situationist International Anthology: Revised and Expanded Edition,Ken Knabb,4.26,0939682044,9780939682041,eng,532,678,11,3/1/2007,Bureau of Public Secrets
7011,A Midsummer Night's Dream,William Shakespeare/Roma Gill/B. Litt,3.94,0198321503,9780198321507,eng,102,126,7,7/28/2005,Oxford University Press  USA
20237,Legacy of the Dead (Inspector Ian Rutledge  #4),Charles Todd,4.15,0553583158,9780553583151,eng,356,4081,316,6/1/2001,Bantam Books
2877,Tom Hunter: Living in Hell and Other Stories,Tom Hunter/Tracy Chevalier/Colin Wiggins,3.64,1857093313,9781857093315,en-GB,80,42,0,3/8/2006,National Gallery London
8951,The Lake of Souls (Cirque du Freak #10),Darren Shan,4.18,0316016659,9780316016650,eng,272,18536,350,9/6/2006,Little  Brown Books for Young Readers
32591,The Last Joy,Knut Hamsun/Sverre Lyngstad,3.77,1931243190,9781931243193,eng,250,129,8,7/1/2002,Green Integer
33883,Broken Vessels,Andre Dubus,4.33,0879239484,9780879239480,eng,195,351,45,11/1/1992,David R. Godine Publisher
37731,Just as Long as We're Together,Judy Blume,4.07,0330398040,9780330398046,eng,202,9375,422,4/9/2001,Macmillan Children's Books
7815,The Year of Magical Thinking,Joan Didion,3.89,1400078431,9781400078431,eng,227,120758,8711,2/13/2007,Vintage
45259,Anthony Thwaite: In Conversation With Peter Dale and Ian Hamilton,Peter  Dale/Ian          Hamilton/Anthony Thwaite,0.0,0953284123,9780953284122,eng,96,0,0,12/9/1999,Between the Lines Productions
43636,Atlantic Shift,Emily Barr,3.31,0755301943,9780755301942,eng,406,138,12,3/14/2005,Headline Review
18315,The Picture of Dorian Gray,Oscar Wilde,4.08,1420925288,9781420925289,en-US,124,838,52,1/1/2005,Digireads.com
11044,The Diary of Anaïs Nin  Vol. 3: 1939-1944,Anaïs Nin/Gunther Stuhlmann,4.18,0156260271,9780156260275,eng,348,1392,40,3/24/1971,Mariner Books
1771,Object-Oriented Programming in C++,Richard Johnsonbaugh/Martin Kalin,4.07,0130158852,9780130158857,eng,640,14,0,8/13/1999,Prentice Hall
3582,The New Annotated Sherlock Holmes: The Complete Short Stories,Arthur Conan Doyle/Leslie S. Klinger,4.64,0393059162,9780393059168,eng,1878,1411,54,11/30/2004,W. W. Norton & Company
165,Untouchables: My Family's Triumphant Journey Out of the Caste System in Modern India,Narendra Jadhav,3.82,0743270797,9780743270793,en-US,320,308,40,9/27/2005,Scribner
26093,Identity,Milan Kundera/Linda Asher,3.68,0060175648,9780060175641,eng,176,266,31,4/21/1998,Harper
6956,The Radicalism of the American Revolution,Gordon S. Wood,4.06,0679736883,9780679736882,eng,447,4246,195,3/2/1993,Vintage
1377,The Iliad,Homer/W.H.D. Rouse,3.86,0451527372,9780451527370,en-US,312,158,15,8/1/1999,Signet Classics
30362,Charade,Sandra Brown,3.94,0446601853,9780446601856,en-US,496,6044,250,7/1/1995,Hachette Books
9299,Anybody Out There? (Walsh Family  #4),Marian Keyes,3.92,0060731303,9780060731304,eng,456,348,45,5/9/2006,William Morrow
17323,A Visitation of Spirits,Randall Kenan,3.76,0375703977,9780375703973,eng,272,449,38,1/25/2000,Vintage
21200,More Classic Italian Cooking,Marcella Hazan,4.48,0345314034,9780345314031,eng,465,64,3,7/12/1984,Ballantine Books
2034,Comoediae 1: Acharenses/Equites/Nubes/Vespae/Pax/Aves,Aristophanes/F.W. Hall/W.M. Geldart,5.0,0198145047,9780198145042,grc,364,0,0,2/22/1922,Oxford University Press  USA
22835,Ranma 1/2  Vol. 12 (Ranma ½ (US 2nd)  #12),Rumiko Takahashi,4.11,1591162866,9781591162865,eng,200,1102,19,8/17/2004,VIZ Media LLC
34524,Where's My Cow? (Discworld  #34.5),Terry Pratchett/Melvyn Grant,4.11,038560937X,9780385609371,eng,32,9116,294,10/1/2005,Doubleday
32434,Mr. Murder,Dean Koontz,3.76,0425210758,9780425210758,eng,493,22577,448,7/5/2006,Berkley
20694,Julius  the Baby of the World,Kevin Henkes,4.28,0688143881,9780688143886,eng,32,6697,348,9/21/1995,Greenwillow Books
5158,A Virtuous Woman,Kaye Gibbons,3.69,0375703063,9780375703065,eng,165,23170,587,11/5/1997,Vintage
35455,Star Wars: Rebellion  Vol. 1: My Brother  My Enemy,Rob Williams/Michel Lacombe,3.94,1593077114,9781593077112,eng,128,518,23,2/27/2007,Dark Horse
38583,Bite Me!: An Unofficial Guide to the World of Buffy the Vampire Slayer,Nikki Stafford,4.13,1550225405,9781550225402,en-US,450,338,8,9/1/2002,ECW Press
4329,H. P. Lovecraft's Dreamlands (Call of Cthulhu RPG),Chris  Williams/Sandy Petersen,3.97,1568821573,9781568821573,eng,260,98,2,2/2/2008,Chaosium
25016,Outposts: Journeys to the Surviving Relics of the British Empire,Simon Winchester,3.79,0060598611,9780060598617,eng,400,1209,106,6/15/2004,Harper Perennial
6539,The Body Farm (Kay Scarpetta  #5),Patricia Cornwell,4.05,0425201449,9780425201442,eng,351,57415,920,12/28/2004,Berkley
38860,Convergence Culture: Where Old and New Media Collide,Henry Jenkins,3.85,0814742815,9780814742815,en-GB,308,3147,118,8/1/2006,New York University Press
22390,Doom Patrol  Vol. 4: Musclebound,Grant Morrison/Richard Case/Mike Dringenberg/Mark McKenna/Jamie Hewlett/Steve Yeowell/Rian Hughes,4.15,1401209998,9781401209995,eng,256,2322,77,8/30/2006,Vertigo
5599,Ethics and the Limits of Philosophy,Bernard Williams,4.06,067426858X,9780674268586,en-US,230,556,20,3/15/1986,Harvard University Press
20781,Aesop's Fables,Aesop/Ann McGovern,4.05,0590438808,9780590438808,eng,80,108,10,11/1/1963,Scholastic Paperbacks
35288,All Over You (Secret Lives of Daytime Divas  #2),Sarah Mayberry,3.73,0373793243,9780373793242,eng,251,521,35,3/27/2007,Harlequin Blaze
29922,Gone for Soldiers: A Novel of the Mexican War,Jeff Shaara,4.14,0345427513,9780345427519,eng,424,191,18,7/3/2001,Ballantine Books
21543,The Poet (Jack McEvoy  #1; Harry Bosch Universe  #5),Michael Connelly/Buck Schirner,4.2,1423323238,9781423323235,eng,15,115,33,6/25/2006,Brilliance Audio
44735,The Elements of Typographic Style,Robert Bringhurst,4.24,0881792063,9780881792065,en-US,352,7564,206,9/27/2004,Hartley & Marks Publishers
28935,Intuition,Allegra Goodman,3.32,0385336101,9780385336109,eng,385,3248,590,3/13/2007,Dial Press
22724,¿Quién te lo ha contado?,Marian Keyes,3.79,8497936736,9788497936736,spa,648,169,9,12/30/2005,DeBolsillo
31891,A Short History of Modern Philosophy (Routledge Classics),Roger Scruton,3.8,0415267633,9780415267632,eng,328,348,23,11/11/2001,Routledge
37032,The Risk of Darkness (Simon Serrailler  #3),Susan Hill,3.95,0701179791,9780701179793,eng,320,3060,264,7/1/2006,Chatto & Windus
40718,The Sorrows of Empire: Militarism  Secrecy  and the End of the Republic,Chalmers Johnson/Shara Kay,4.13,0805077979,9780805077971,en-US,389,1332,75,4/1/2005,St. Martins Press-3PL
17582,The Norton Anthology of Short Fiction,Richard Bausch,4.18,0393926117,9780393926118,en-US,1776,663,15,1/5/2006,W. W. Norton & Company
45490,His Dark Materials Omnibus (His Dark Materials),Philip Pullman,4.26,0375947221,9780375947223,eng,944,70,9,4/10/2007,Knopf Books for Young Readers
2802,E=mc²: A Biography of the World's Most Famous Equation,David Bodanis,4.09,0425181642,9780425181645,eng,337,6368,321,10/1/2000,Berkley Trade
41602,The Non-Designer's Web Book,Robin P. Williams/John Tollett,3.66,0321303377,9780321303370,en-US,335,212,19,9/26/2005,Peachpit Press
31076,The New Knighthood: A History of the Order of the Temple,Malcolm Barber,3.84,0521558727,9780521558723,eng,441,126,7,9/29/1995,Cambridge University Press
39305,Minion (Vampire Huntress  #1),L.A. Banks,3.44,0312987013,9780312987015,eng,286,5531,493,5/4/2004,St. Martin's Paperback
3290,Eva Luna,Isabel Allende/Margaret Sayers Peden,3.97,0553383825,9780553383829,eng,320,430,23,8/30/2005,Dial Press
40941,The Scientists: A History of Science Told Through the Lives of Its Greatest Inventors,John Gribbin,4.08,0812967887,9780812967883,eng,672,892,59,8/10/2004,Random House Trade Paperbacks
24807,The Areas of My Expertise: An Almanac of Complete World Knowledge Compiled with Instructive Annotation and Arranged in Useful Order,John Hodgman,3.82,1594482225,9781594482229,eng,255,12002,741,9/5/2006,Penguin Books
1427,The Zahir,Paulo Coelho/Margaret Jull Costa,3.57,0060832819,9780060832810,eng,336,58917,2575,7/3/2006,HarperOne
7779,Horton Hears a Who!,Dr. Seuss,4.18,0679800034,9780679800033,eng,64,89920,1207,10/10/1990,Random House Books for Young Readers
45041,Mansfield Park,Jane Austen,3.86,0755331478,9780755331475,eng,454,142,18,5/15/2006,Headline
34296,The Builders,Maeve Binchy,3.97,1902602684,9781902602684,eng,87,664,82,11/1/2006,New Island Books
44208,The Frog King,Frank McConnell,3.6,0802757480,9780802757487,eng,226,10,1,7/1/1990,Walker & Company
11765,Americana,Don DeLillo,3.43,2868698220,9782868698223,eng,454,3683,238,8/10/1993,Actes Sud
23827,The Bishop's Boys: A Life of Wilbur and Orville Wright,Tom D. Crouch,4.17,039330695X,9780393306958,eng,608,143,28,4/17/2003,W. W. Norton  Company
13521,Son of a Witch (The Wicked Years  #2),Gregory Maguire/Douglas Smith/Jelena Bojić,3.47,0060747226,9780060747220,eng,352,52323,3023,9/26/2006,William Morrow Paperbacks
7053,In the Company of Cheerful Ladies (No. 1 Ladies' Detective Agency #6),Alexander McCall Smith,4.08,0375422714,9780375422713,eng,233,22026,912,4/19/2005,Pantheon
14535,El Perfume: Historia De Un Asesino,Patrick Süskind,4.02,8432216887,9788432216886,spa,312,17,1,2/19/2018,Planeta Publishing
41699,Polar Shift (NUMA Files  #6),Clive Cussler/Paul Kemprecos,3.91,0141017724,9780141017723,eng,504,7121,185,8/30/2005,Putnam
15464,Faun & Games (Xanth #21),Piers Anthony,3.76,0812555112,9780812555110,eng,352,4039,38,10/15/1997,Tor Fantasy
57,A Changeling for All Seasons (Changeling Seasons #1),Angela Knight/Sahara Kelly/Judy Mays/Marteeka Karland/Kate Douglas/Shelby Morgen/Lacey Savage/Kate Hill/Willa Okati,3.76,1595962808,9781595962805,eng,304,167,4,11/1/2005,Changeling Press
10148,The Complete Sherlock Holmes  Volume II,Arthur Conan Doyle/Kyle Freeman,4.47,1593080409,9781593080402,eng,709,874,57,10/1/2003,Barnes  Noble Classics
33418,Parallel Worlds: A Journey through Creation  Higher Dimensions  and the Future of the Cosmos,Michio Kaku,4.18,1400033721,9781400033720,eng,361,15096,452,2/14/2006,Anchor
23563,"Ebert's ""Bigger"" Little Movie Glossary",Roger Ebert/Ray Ebert,3.87,0836282892,9780836282894,en-US,228,82,9,12/3/2005,Andrews McMeel Publishing
9594,Timequake,Kurt Vonnegut Jr.,3.72,0099267543,9780099267546,eng,219,23527,822,8/6/1998,Vintage Classics
43893,Naked Empire (Sword of Truth  #8),Terry Goodkind,3.81,0765344300,9780765344304,eng,736,44561,556,6/1/2004,Tor Books
2619,Great Expectations,Charles Dickens/David Trotter/Charlotte Mitchell,3.77,0141439564,9780141439563,eng,512,14228,668,12/31/2002,Penguin Books
8840,Saint-Exupéry,Stacy Schiff/Antoine de Saint-Exupéry,4.02,0805079130,9780805079135,eng,560,208,27,2/7/2006,Holt Paperbacks
19088,The Politics and The Constitution of Athens,Aristotle/Stephen Everson,3.98,0521484006,9780521484008,eng,327,407,12,10/13/1996,Cambridge University Press
23194,My Story as told by Water: Confessions  Druidic Rants  Reflections  Bird-watchings  Fish-stalkings  Visions  Songs and Prayers Refracting Light  from Living Rivers  in the Age of the Industrial Dark,David James Duncan,4.1,1578050499,9781578050499,eng,304,679,53,7/17/2001,Sierra Club Books
18736,Going to Pieces Without Falling Apart: A Buddhist Perspective on Wholeness,Mark Epstein/Charlie Conrad,3.9,0767902351,9780767902359,eng,200,4473,228,6/1/1999,Harmony
24215,Alice's Adventures in Wonderland: A Pop-Up Adaptation,Robert Sabuda/Lewis Carroll,4.33,0689847432,9780689847431,en-US,12,21875,111,10/1/2003,Little Simon
24062,The Deep (Dive Trilogy),Gordon Korman,3.78,0613674839,9780613674836,eng,148,0,0,7/1/2003,Turtleback Books
27626,Women  Cats: The History of a Love Affair,Michelle Lovric/Lisa Pentreath,4.23,1556525133,9781556525131,eng,66,13,1,9/1/2003,Chicago Review Press
41457,Hitty  Her First Hundred Years,Rachel Field/Dorothy P. Lathrop,3.86,0689822847,9780689822841,eng,256,7097,292,9/1/1998,Aladdin
12623,Perilous Power: The Middle East & US Foreign Policy,Noam Chomsky/Gilbert Achcar/Stephan R. Shalom,4.05,1594513120,9781594513121,en-GB,242,270,16,9/15/2006,Routledge
25355,Art Out of Time: Unknown Comics Visionaries  1900-1969,Dan Nadel,4.05,0810958384,9780810958388,eng,320,226,24,6/1/2006,Abrams
28991,Bad Haircut: Stories of the Seventies,Tom Perrotta,3.7,042515954X,9780425159545,eng,240,1546,110,4/1/1997,Berkley Trade
23814,King Solomon's Mines (Allan Quatermain  #1),H. Rider Haggard,3.8,0812966295,9780812966299,eng,264,34623,1168,12/10/2002,Modern Library
29907,Republic,Plato/Benjamin Jowett/Elizabeth Watson Scharffenberger,3.94,1593080972,9781593080976,eng,496,392,33,8/1/2005,Barnes  Noble Classics
14684,The Charterhouse of Parma,Stendhal/Roger Pearson/Margaret Mauldon,3.82,0192839578,9780192839572,eng,560,51,8,12/9/1999,Oxford University Press
15584,Cosmos,Witold Gombrowicz/Danuta Borchardt,4.03,0300108486,9780300108484,eng,208,1896,129,10/10/2005,Yale University Press
3438,The Curious Incident of the Dog In the Night-time,Mark Haddon,3.88,0099456761,9780099456766,eng,268,6124,754,4/1/2004,Red Fox
22061,Oasis (On the Road to Perdition  #1),Max Allan Collins/Steve Lieber/Josef Rubinstein/Rob Leigh/José Luis García-López/Bob Lappan,3.55,1401200680,9781401200688,eng,96,76,5,5/1/2003,DC Comics
5821,Casino Royale,Ian Fleming,3.73,0141187581,9780141187587,eng,181,371,43,6/3/2004,Penguin Books  Limited (UK)
29160,Brothers in Arms (Dragonlance: Raistlin Chronicles  #2),Margaret Weis/Don Perrin,4.05,0786914297,9780786914296,eng,476,6387,66,8/1/1999,Wizards of the Coast
18240,War and Peace,Leo Tolstoy,4.11,3895086908,9783895086908,en-US,1500,126,9,5/9/1999,Konemann
27719,The Night of Wishes,Michael Ende/Heike Schwarzbauer/Rick Takvorian/Regina Kehn/Regina Jehn,4.12,0374455031,9780374455033,eng,216,3014,56,4/17/1995,Farrar  Straus and Giroux (BYR)
8930,Jamie's Italy,Jamie Oliver/David Loftus/Chris Terry,4.01,1401301959,9781401301958,eng,320,7653,90,11/14/2006,Hachette Books
27769,L'Étranger,Albert Camus,3.98,207030602X,9782070306022,fre,207,688,50,3/1/2005,Editions Gallimard
41092,The Shores of Another Sea (Classics of Modern Science Fiction 3),Chad Oliver/George Zebrowski/Isaac Asimov,3.55,0517551861,9780517551868,eng,214,37,6,7/25/1984,Random House Value Publishing
13104,The Celestine Prophecy: A Pocket Guide to the Nine Insights,James Redfield,3.87,0446912069,9780446912068,eng,68,1256,100,12/2/2005,Warner Books (NY)
5309,The Life and Times of Scrooge McDuck,Don Rosa,4.67,0911903968,9780911903966,eng,266,2467,149,6/1/2005,Gemstone Publishing
28913,Never Go Back,Robert Goddard,3.71,0552152110,9780552152112,eng,464,1221,85,10/23/2006,Corgi
17837,Мастер и Маргарита,Mikhail Bulgakov/Михаил Булгаков,4.3,5040019521,9785040019526,rus,640,10,1,9/28/2004,Эксмо
27851,Data Structures and Algorithm Analysis in C,Mark Allen Weiss,3.85,0201498405,9780201498400,eng,528,120,11,9/19/1996,Pearson
37262,Dark Horse Deluxe Journal: Craig Thompson's Angels and Demons,Craig Thompson,3.52,1593070691,9781593070694,eng,128,46,1,12/30/2003,Dark Horse
1823,Them: Adventures with Extremists,Jon Ronson,3.95,0743233212,9780743233217,eng,336,11990,831,1/7/2003,Simon  Schuster
11432,Reunion (Redemption  #5),Karen Kingsbury/Gary Smalley,4.5,0842386882,9780842386883,en-US,400,12509,271,7/1/2004,Tyndale House Publishers
14605,Edie: Girl on Fire,David Weisman/Melissa Painter,4.22,0811855260,9780811855266,eng,192,727,19,11/2/2006,Chronicle Books
25103,World's End (The Sandman  #8),Neil Gaiman/Mike Allred/Gary Amaro/Mark Buckingham/David Giordano/Tony Harris/Steve Leialoha/Vince Locke/Shea Anton Pensa/Alec Stevens/Bryan Talbot/John Watkiss/Todd Klein/Michael Zulli/Stephen King,4.47,1563891700,9781563891700,eng,160,36629,675,7/16/1999,Vertigo
35125,Alien,Alan Dean Foster,4.09,2290011150,9782290011157,eng,270,15901,309,3/29/1979,Grand Central Publishing
6678,Going Solo (Roald Dahl's Autobiography  #2),Roald Dahl/Quentin Blake,4.08,0141311428,9780141311425,eng,209,17327,992,4/5/2001,Puffin
40790,Thirteen Moons on Turtle's Back,Joseph Bruchac/Jonathan London/Thomas Locker,4.08,0698115848,9780698115842,en-US,32,318,40,8/25/1997,Puffin Books
33956,The Spook's Apprentice (The Last Apprentice / Wardstone Chronicles  #1),Joseph Delaney,3.99,0099456451,9780099456452,eng,325,2956,242,6/30/2005,Red Fox
1005,Think and Grow Rich: The Landmark Bestseller Now Revised and Updated for the 21st Century,Napoleon Hill,4.18,1585424331,9781585424337,eng,320,88897,2334,9/1/2005,Tarcherperigee
19084,Aristotle's Ethics (SparkNotes Literature Guides),SparkNotes,3.0,158663822X,9781586638221,eng,80,2,0,6/13/2003,SparkNotes
25794,Birthday (Ring  #4),Kōji Suzuki/Glynne Walley,3.67,1932234292,9781932234299,eng,216,866,37,12/12/2006,Vertical
28670,Peril's Gate (Wars of Light & Shadow #6; Arc 3 - Alliance of Light  #3),Janny Wurts,4.16,0061054674,9780061054679,en-US,940,521,8,1/1/2003,HarperCollins Publishers
45106,Forest Mage (Soldier Son  #2),Robin Hobb,3.39,0060757639,9780060757632,eng,718,13716,393,8/29/2006,Harper Voyager
181,A Wrinkle in Time: With Related Readings (A Wrinkle in Time Quintet #1),Madeleine L'Engle,4.0,0821925326,9780821925324,eng,250,36,6,5/1/2002,EMC/Paradigm Publishing
8726,Comfort Me With Apples,Ruth Reichl,4.04,0965193772,9780965193771,eng,299,15,3,1/1/2001,Random house
8583,Come to Grief / Decider / Wild Horses,Dick Francis,4.09,0399143068,9780399143069,eng,707,32,0,11/10/1997,Putnam Adult
43457,Rose (Shooting Stars  #3),V.C. Andrews,3.72,0671039954,9780671039950,eng,185,2352,29,9/1/2001,Pocket Books
20932,Christmas Bestiary,Martin H. Greenberg/Jack Nimersheim/Jane Yolen/Jack C. Haldeman II/Harry Turtledove/Laura Resnick/Mike Resnick/Karen Haber/Jane Lindskold/Lawrence Schimel/Barry N. Malzberg/Tanya Huff/Michelle Sagara West/Mark Aronson/Stefan R. Dziemianowicz/Jennifer Roberson/Kristine Kathryn Rusch/Elizabeth Ann Scarborough/Barbara Delaplace/Barb Jernigan/Blake Cahoon,3.62,0886775280,9780886775285,eng,315,21,3,11/3/1992,DAW
13152,The Angel Experiment (Maximum Ride  #1),James Patterson,4.08,0446617792,9780446617796,eng,445,187892,7624,5/5/2006,Grand Central Publishing
32765,Gimpel the Fool: And Other Stories,Isaac Bashevis Singer/Saul Bellow,4.16,0374500525,9780374500528,eng,205,37,4,12/31/1988,Farrar Straus Giroux
31340,Lasher (Lives of the Mayfair Witches  #2),Anne Rice,3.86,0099471434,9780099471431,eng,400,49367,661,11/4/2004,Arrow Books
30933,Brideshead Revisited,Evelyn Waugh,4.0,0316926345,9780316926348,eng,351,79045,3083,1/30/1982,Back Bay Books
34760,All I Really Need to Know I Learned in Kindergarten,Robert Fulghum,4.03,034546639X,9780345466396,eng,240,17354,650,5/4/2004,Ballantine Books
16425,The Labours of Hercules (Hercule Poirot  #27),Agatha Christie/Hugh Fraser,3.78,1572704578,9781572704572,eng,9,11167,297,7/13/2005,AudioGO
41369,Hooked: Film Writings 1985-1988,Pauline Kael,4.05,0714529036,9780714529035,eng,528,93,5,7/1/1990,Marion Boyars Publishers
25257,Mein Urgroßvater  die Helden und ich,James Krüss,4.3,3551552711,9783551552716,ger,250,16,1,12/1/2002,Carlsen
8359,Flowers (Eyewitness Explorers),David Burnie,3.85,0789422131,9780789422132,eng,64,8,2,9/15/1997,Dorling Kindersley Children
30889,The Crazyladies of Pearl Street,Trevanian,3.77,1400080371,9781400080373,eng,384,1063,157,6/6/2006,Broadway Books
3762,On Her Majesty's Secret Service (James Bond  #11),Ian Fleming,3.96,0142003255,9780142003251,eng,326,14108,428,9/2/2003,Penguin Books
12254,The Iliad,Homer/Robert Fagles/Derek Jacobi,3.86,0143059289,9780143059288,eng,8,42,7,6/15/2006,Penguin-HighBridge
34835,A Matter of Trust,Penny Jordan,2.61,0373117191,9780373117192,eng,224,36,5,12/23/1994,Harlequin Presents
44866,Poetry and Prose of Alexander Pope (Riverside Editions),Alexander Pope/Aubrey Williams,3.97,0395051568,9780395051566,eng,512,93,5,1/2/1968,Houghton Mifflin Company
2847,Bread and Roses  Too,Katherine Paterson,3.76,0618654798,9780618654796,eng,275,2018,294,9/4/2006,Clarion Books
23966,Filth,Irvine Welsh,3.73,0393318680,9780393318685,eng,393,21997,643,9/17/1998,W. W. Norton  Company
4933,The Brothers Karamazov,Fyodor Dostoyevsky/Constance Garnett/Manuel Komroff/John Bayley,4.32,0451527348,9780451527349,eng,736,983,91,6/1/1999,Signet Classics
5427,Orientalism,Edward W. Said,4.08,0141187425,9780141187426,eng,396,873,77,8/28/2003,Penguin Classics
941,Love As A Foreign Language #5,J. Torres/Eric  Kim,3.44,1932664394,9781932664393,eng,58,9,2,2/1/2006,Oni Press
2152,The Jane Austen Book Club,Karen Joy Fowler,3.08,0452286530,9780452286535,eng,288,57720,3535,4/26/2005,G.P. Putnam's Sons
26229,Robert Van Gulik: His Life His Work,Janwillem van de Wetering/Arthur P. Yin,3.57,156947124X,9781569471241,eng,149,39,5,7/1/1998,Soho Press
43416,The Complete Stories of Theodore Sturgeon  Volume 7: A Saucer of Loneliness,Theodore Sturgeon/Paul Williams/Kurt Vonnegut Jr.,4.42,1556434243,9781556434242,eng,400,141,11,9/5/2002,North Atlantic Books
26768,In Dark Waters,Mary Burton,3.81,0373274483,9780373274482,eng,249,95,10,6/28/2005,Silhouette Books
11492,Bright Purple: Color Me Confused (TrueColors  #10),Melody Carlson,3.49,1576839508,9781576839508,eng,213,806,61,9/5/2006,Th1nk Books
16059,The Dive From Clausen's Pier,Ann Packer,3.42,0375727132,9780375727139,eng,432,19844,1747,4/8/2003,Vintage
43958,Apologia Pro Vita Sua (A Defense of One's Life),John Henry Newman,4.12,0486442136,9780486442136,eng,336,894,52,6/17/2005,Dover Publications
22947,Drum Calls (Drums of Chaos  #2),Jo Clayton,3.72,0812551230,9780812551235,eng,341,29,1,7/1/1998,Tor Books
45116,The Scold's Bridle,Minette Walters,3.95,0312956126,9780312956127,eng,384,7019,113,10/15/1995,St. Martin's Press
12240,The Play Soldier,Chet Green,4.5,159113644X,9781591136446,eng,328,2,2,5/22/2011,Booklocker.com  Inc.
1177,Liar's Poker: A Harry Garnish Mystery,Frank McConnell,3.31,0802732291,9780802732293,eng,214,13,1,6/1/1993,Walker & Company
6689,James and the Giant Peach,Roald Dahl/Quentin Blake,4.01,0375814248,9780375814242,eng,146,328542,4733,9/10/2002,Alfred A. Knopf
34452,Many Lives  Many Masters: The True Story of a Prominent Psychiatrist  His Young Patient  and the Past Life Therapy That Changed Both Their Lives,Brian L. Weiss,4.16,0446520594,9780446520591,eng,217,24345,1914,3/12/1996,Grand Central Publishing
23758,The Nightmare Years: 1930-40 (20th Century Journey  #2),William L. Shirer,4.24,1841581224,9781841581224,eng,654,844,41,3/5/2008,Birlinn
42357,The Alley (The Alley  #1),Eleanor Estes/Edward Ardizzone,3.76,0152049185,9780152049188,eng,288,320,20,8/1/2003,HMH Books for Young Readers
45630,Whores for Gloria,William T. Vollmann,3.69,0140231579,9780140231571,en-US,160,932,111,2/1/1994,Penguin Books
31304,Nemesis (Miss Marple  #12),Agatha Christie,3.85,0451200187,9780451200181,eng,224,18896,771,5/1/2000,Signet
24546,Gilliam on Gilliam (Directors on Directors),Terry Gilliam/Ian Christie,4.1,0571202802,9780571202805,eng,294,264,13,11/15/1999,Faber  Faber
22950,Quester's Endgame,Jo Clayton,3.98,0886771382,9780886771386,eng,372,159,6,7/1/1986,DAW
30557,Shooting an Elephant,George Orwell,4.12,0141187395,9780141187396,eng,368,7029,255,6/5/2003,Penguin
3061,The Natural Way to Draw,Kimon Nicolaides/Mamie Harmon,3.9,0395530075,9780395530078,en-US,240,39369,80,2/1/1990,Mariner Books
22967,Lidia's Italy,Lidia Matticchio Bastianich/Tanya Bastianich Manuali/David Nussbaum/Christopher Hirsheimer,4.21,1400040361,9781400040360,en-US,384,637,24,4/10/2007,Knopf Publishing Group
7656,Fahrenheit 451,Ray Bradbury,3.99,8445074873,9788445074879,eng,186,5733,606,4/1/2004,Del Rey
28289,Joe College,Tom Perrotta,3.39,0312361785,9780312361785,eng,306,3832,256,10/1/2006,St. Martin's Griffin
10873,Shopgirl,Steve Martin,3.43,0786891076,9780786891078,eng,130,30067,2166,1/1/2000,Hachette Books
32872,Sliver of Truth (Ridley Jones #2),Lisa Unger,3.68,0307338460,9780307338464,eng,308,3015,347,1/2/2007,Shaye Areheart Books
5371,Amber Brown Is Not a Crayon,Paula Danziger/Tony Ross,3.84,0142406198,9780142406199,eng,96,4787,189,9/7/2006,Puffin Books
40127,Leonardo's Swans,Karen Essex,3.72,0767923065,9780767923064,eng,351,5473,230,1/9/2007,Anchor Books
10000,The Face of Another,Kōbō Abe/E. Dale Saunders,3.78,0375726535,9780375726538,eng,238,2584,153,2/4/2003,Vintage
20749,Study Bible: NIV,Anonymous,4.7,0310929555,9780310929550,eng,2198,4166,186,10/1/2002,Zondervan Publishing House
16186,Meridon (The Wideacre Trilogy  #3),Philippa Gregory,3.68,0743249313,9780743249317,eng,569,8842,380,7/2/2003,Washington Square Press
35827,The Moon in the Gutter,David Goodis/Adrian Wootton,3.65,1852424494,9781852424497,en-US,183,350,40,12/8/1998,Serpent's Tail
29658,Postwar: A History of Europe Since 1945,Tony Judt,4.34,0143037757,9780143037750,eng,933,8017,571,9/5/2006,Penguin Books
22027,The Dark Arena,Mario Puzo,3.35,0345441699,9780345441690,eng,288,1554,54,5/1/2001,Ballantine Books
16670,A Madman Dreams of Turing Machines,Janna Levin,3.68,1400040302,9781400040308,eng,230,1136,180,8/22/2006,Alfred A. Knopf
12589,The Golden Apples,Eudora Welty,3.88,015636090X,9780156360906,eng,288,830,76,9/14/1956,Mariner Books
35292,Jimmy Stewart: Bomber Pilot,Starr Smith/Walter Cronkite,3.93,0760328242,9780760328248,eng,320,441,57,11/15/2006,Zenith Press
4683,Personal Injuries (Kindle County Legal Thriller #5),Scott Turow,3.86,0446608602,9780446608602,eng,528,5163,179,12/1/2000,Warner Books (NY)
9717,The Unbearable Lightness of Being,Milan Kundera/Michael Henry Heim,4.1,0571224385,9780571224388,eng,320,248686,8251,10/27/2009,Harper Perennial
23913,The Marriage of Heaven and Hell,William Blake,4.24,0486281221,9780486281223,eng,48,7163,245,9/1/1994,Dover Publications
41074,The Sheep Look Up,John Brunner/James John Bell/David Brin,3.95,1932100016,9781932100013,eng,388,3568,284,5/11/2003,BenBella Books
1366,The Histories,Herodotus/Aubrey de Sélincourt/Andrew Robert Burn,3.99,0140440348,9780140440348,en-US,653,143,17,8/30/1970,Penguin Classics
6815,American Sign Language The Easy Way,David A. Stewart/Jessalyn Little/Elizabeth     Stewart,3.75,0764134280,9780764134289,eng,480,34,6,11/1/2006,Barrons Educational Series
9903,Angels,Denis Johnson,3.72,0099440830,9780099440833,eng,209,4263,227,3/6/2003,Vintage
13618,Death Note  Vol. 3: Hard Run (Death Note  #3),Tsugumi Ohba/Takeshi Obata/Pookie Rolf,4.43,1421501708,9781421501703,eng,200,22435,741,1/3/2006,VIZ Media LLC
30629,Cartas del diablo a su sobrino,C.S. Lewis/Miguel Marias,4.22,006114004X,9780061140044,spa,144,409,54,3/14/2006,HarperOne
5824,Casino Royale,Anthony Hern/Ian Fleming/Henry Gammidge/John McLusky,3.7,1840238437,9781840238433,eng,96,110,10,6/1/2005,Titan Books
19885,Changeling Storytellers Guide,Mark  Hunter/Ian Lemke,3.36,1565047087,9781565047082,eng,139,28,0,8/1/1998,White Wolf Games Studio
25713,Selected Philosophical Writings,Thomas Aquinas/Timothy McDermott,3.86,0192835858,9780192835857,eng,496,238,9,8/20/1998,Oxford University Press
23300,The Door to Time (Ulysses Moore  #1),Pierdomenico Baccalario/Iacopo Bruno/Laura Zuccotti/Leah D. Janeczko/Beth Dunfey,3.93,0439774381,9780439774383,eng,239,3099,241,1/1/2006,Scholastic Inc.
8924,The Hound of the Baskervilles,Arthur Conan Doyle/Pam Smy,4.11,0763630640,9780763630645,eng,272,66,7,8/22/2006,Candlewick Press
9534,Shadow of the Hegemon (The Shadow Series  #2),Orson Scott Card,3.95,0812565959,9780812565959,eng,451,65344,1419,12/9/2001,Tor Books
11101,First Comes Love (Hot Water  California #1),Christie Ridgway,3.81,0380818957,9780380818952,en-US,384,1051,47,1/1/2002,Avon Books
28530,New Amazons,Margaret Weis/Jane Lindskold/Linda Baker/Kathleen M. Massie-Ferch/Cynthia Ward/Lawrence C. Connolly/John Tigges/Kate Novak/Janet Pack/James Reasoner/Livia Reasoner/Nick O'Donohoe/Anne Yvonne Gilbert/Linda Mannheim/Nancy Springer/Gary A. Braunbeck/Jo Clayton/Robyn McGrew/Kevin T. Stein/Felicia Dale/Russell          Davis,3.56,0886778875,9780886778873,eng,336,50,5,2/1/2000,DAW
3635,The Dream Giver,Bruce H. Wilkinson/David Kopp/Heather Harpham Kopp,4.26,159052201X,9781590522011,eng,157,5044,316,9/3/2003,Multnomah Books
8150,The American Years,Brian Boyd,4.33,0691024715,9780691024714,eng,800,256,22,1/31/1993,Princeton University Press
7811,A Friend of the Earth,T. Coraghessan Boyle,3.67,0747553467,9780747553465,eng,275,30,3,10/8/2001,Bloomsbury Paperbacks
29738,Patrimony,Philip Roth,4.17,0679752935,9780679752936,eng,240,2531,202,6/3/1996,Vintage
40951,A History of the Life Sciences,Lois N. Magner/Magner,4.53,0824708245,9780824708245,en-US,514,15,2,8/13/2002,CRC Press
11383,Arthur Edward Waite's Quest of the Golden Stairs,Arthur Edward Waite,3.9,0766144739,9780766144736,eng,184,9,0,4/7/2003,Kessinger Publishing
2912,Escape from Fire Mountain (World of Adventure  #3),Gary Paulsen/Steve Chorney,3.67,0440410258,9780440410256,eng,80,114,17,1/1/1995,Yearling
31878,Seinfeld and Philosophy,William Irwin,3.5,0812694090,9780812694093,en-US,224,914,50,8/20/1999,Open Court
7102,U.S.A.: 42e Parallèle/L'An premier du siècle/La Grosse galette,John Dos Passos,4.1,2070766039,9782070766031,eng,1344,9,1,9/4/2002,Gallimard
21152,Sudden Fiction: American Short-Short Stories,Robert Shapard/James Thomas,3.84,0879052651,9780879052652,eng,264,476,48,12/31/1983,Gibbs Smith
12468,The Executioner's Song,Norman Mailer,4.06,0375700811,9780375700811,eng,1056,15682,952,4/28/1998,Vintage Books USA
17315,Oath of Swords (War God  #1),David Weber,4.01,1416520864,9781416520863,en-US,576,5582,128,12/26/2006,Baen
9904,The Throne of the Third Heaven of the Nations Millennium General Assembly: Poems Collected and New,Denis Johnson,4.15,0060926961,9780060926960,eng,225,562,33,1/1/1996,Harper Perennial
40208,Maggie: A Girl of the Streets and Other Short Fiction,Stephen Crane/Jayne Anne Phillips,3.33,0553213555,9780553213553,eng,240,517,37,11/1/2006,Bantam Classics
37707,Anne of the Island and Tales of Avonlea,L.M. Montgomery,4.3,051703705X,9780517037058,eng,573,417,5,3/20/1991,Gramercy
8811,A Clockwork Orange,Anthony Burgess,3.99,014027409X,9780140274097,eng,149,1422,124,9/3/1998,Penguin Books
28691,To Green Angel Tower (Memory  Sorrow  and Thorn  #3),Tad Williams,4.18,0756402980,9780756402983,eng,1083,29350,320,5/3/2005,DAW
42880,Bizarre World,Bill  Bryson/Kathryn Lamb,3.38,0751510610,9780751510614,eng,120,73,6,5/1/2001,Little  Brown Book Group
5800,Vanity Fair,William Makepeace Thackeray,3.79,0140620850,9780140620856,eng,672,296,34,10/3/1998,Penguin Books
30391,Fanta C (Mason Sisters  #1),Sandra Brown,3.62,0553562746,9780553562743,eng,256,2317,63,1/21/1997,Fanfare
6619,Teach Your Child to Read in 100 Easy Lessons,Siegfried Engelmann/Phyllis Haddox/Elaine Bruner,4.17,0671631985,9780671631987,en-US,395,2207,271,6/15/1986,Touchstone
17781,Heart of the Sea (Gallaghers of Ardmore  #3),Nora Roberts,4.15,0515128554,9780515128550,eng,369,24451,537,12/5/2000,Berkley Books
45515,Live Rich  Die Broke,Stephen M. Pollan,3.29,1594860165,9781594860164,en-US,482,14,2,1/1/2005,Rodale Books
2823,The Birth of Tragedy,Friedrich Nietzsche/Michael Tanner/Shaun Whiteside,3.98,0140433392,9780140433395,en-US,160,10147,301,11/27/2003,Penguin Classics
37347,If I Have a Wicked Stepmother  Where's My Prince?,Melissa Kantor,3.66,0786809604,9780786809608,en-US,283,4393,432,9/1/2005,Disney-Hyperion
19043,Tabby in the Tub (Animal Ark  #29),Ben M. Baglio/Linda Chapman/Jenny Gregory,3.96,0439343909,9780439343909,eng,139,768,33,8/1/2003,Scholastic Paperbacks
14240,One Hundred Years of Solitude,Gabriel García Márquez/Gregory Rabassa,4.07,0060750766,9780060750763,eng,560,130,5,2/20/2004,Harper
38980,The Princess Diaries (The Princess Diaries  #1),Meg Cabot,3.78,0613371658,9780613371650,eng,283,216359,4137,7/1/2001,Turtleback
7842,Another Day in Cubicle Paradise,Scott Adams,4.01,0740721941,9780740721946,eng,128,416,11,3/1/2002,Andrews McMeel Publishing
29584,Foundations of Clinical Research: Applications to Practice,Leslie Gross Portney,4.12,0838526950,9780838526958,eng,742,18,1,1/1/2000,Prentice Hall
27000,Lost in a Good Book (Thursday Next  #2),Jasper Fforde,4.14,0142004030,9780142004036,eng,399,42454,2156,2/4/2004,Penguin Books
38522,Love at First Bite (Dark-Hunter #6.5; Wild Wulfs of London #2.5; Companion #3.5),Sherrilyn Kenyon/L.A. Banks/Susan Squires/Ronda Thompson,4.06,0312349297,9780312349295,eng,373,7959,200,10/3/2006,St. Martin's Press
18212,Jacques the Fatalist,Denis Diderot/David Coward,3.84,0192838741,9780192838742,eng,304,4891,102,9/16/1999,Oxford University Press
11340,Jazz,Toni Morrison,3.81,0679411674,9780679411673,eng,229,428,54,4/7/1992,Alfred A. Knopf
35921,On Basilisk Station (Honor Harrington  #1),David Weber,4.13,1416509372,9781416509370,eng,458,33456,1424,7/26/2005,Baen Books
38970,Thorn in Her Side (The Princess School  #7),Jane B. Mason/Sarah Hines Stephens,3.88,0439798736,9780439798730,eng,144,214,8,1/1/2006,Scholastic Paperbacks
23315,The Scandal of Ulysses: The Life And Afterlife of a Twentieth Century Masterpiece,Bruce Arnold,3.82,190414845X,9781904148456,eng,346,12,0,11/15/2005,The Liffey Press
31218,The Hitchhiker's Guide to the Galaxy: The Quintessential Phase (Hitchhiker's Guide: Radio Play  #5),Douglas Adams/Dirk Maggs/Simon  Jones/Geoffrey McGivern/Mark Wing-Davey/Susan  Sheridan/Sandra Dickinson/Stephen  Moore/William Franklyn/Rula Lenska/Sam  Burke,4.37,0563504072,9780563504078,eng,3,61,1,6/20/2005,BBC Audiobooks
37340,The Wicked (Vampire Huntress  #8),L.A. Banks,4.41,0312352360,9780312352363,en-US,389,1778,36,9/5/2000,St. Martins Press-3PL
16180,The Boleyn Inheritance (The Plantagenet and Tudor Novels  #10),Philippa Gregory,3.87,0743272501,9780743272506,eng,518,68763,3394,12/5/2006,Atria Books
8737,The Last Temptation of Christ,Nikos Kazantzakis/Peter A. Bien,4.16,068485256X,9780684852560,eng,506,8966,454,3/1/1998,Simon  Schuster
32413,Collected Plays: Henry IV  The Man with the Flower in His Mouth  Right You Are,Luigi Pirandello/Henry Reed,3.92,0714541109,9780714541105,eng,236,12,1,7/1/1987,Riverrun Press (New York  NY)
16091,Grendel: Devil by the Deed,Matt Wagner/Rich Rankin/Chris Pitzer/Diana Schutz,4.08,159307736X,9781593077365,eng,48,539,29,3/27/2007,Dark Horse Comics
26839,叫んでやるぜ! (2) (ASUKA COMICS CL-DX),Satosumi Takaguchi/Satosumi Takaguchi,3.95,4048527851,9784048527859,jpn,178,2,0,3/1/1997,角川書店 (Kadokawa Shoten)
20001,Interfictions: An Anthology of Interstitial Writing,Delia Sherman/Theodora Goss/K. Tempest Bradford/Karen Jordan Allen/Rachel Pollack/Veronica Schanoes/Mikal Trimm/Colin Greenland/Vandana Singh/Matthew Cheney/Léa Silhol/Adrián Ferrero/Holly Phillips/Catherynne M. Valente/Christopher Barzak/Leslie What/Anna Tambour/Joy Marchand/Jon Singer/Csilla Kleinheincz/Michael J. DeLuca,3.77,1931520240,9781931520249,eng,291,229,20,4/1/2007,Small Beer Press
27419,The Works and Days/Theogony,Hesiod,3.75,1419188518,9781419188510,eng,48,3,0,6/17/2004,Kessinger Publishing
23799,The Dark Descent  Vol 1: The Color of Evil,David G. Hartwell,4.12,0246136677,9780246136671,eng,304,2,0,9/19/1990,Grafton
29404,Your Child and Jesus: A Family Activity Book,Rick Osborne/Kevin Miller,0.0,080242855X,9780802428554,eng,112,0,0,9/13/1999,Moody Publishers
5497,Akhenaten: Dweller in Truth,Naguib Mahfouz/Tagreid Abu-Hassabo,3.81,0385499094,9780385499095,eng,168,1282,139,4/4/2000,Anchor
31742,The Story of a Shipwrecked Sailor,Gabriel García Márquez/Randolf Hogan,3.78,067972205X,9780679722052,eng,128,462,44,3/13/1989,Vintage
41541,The Prestige,Christopher Priest,3.89,0765356171,9780765356178,eng,368,441,58,10/3/2006,Tor Books
30816,Shaken (Left Behind: The Kids  #23-25),Jerry B. Jenkins/Tim LaHaye/Chris Fabry,4.32,1414302681,9781414302683,eng,384,217,2,2/1/2005,Tyndale House Publishers
11027,No me cogeréis vivo: artículos 2001-2005,Arturo Pérez-Reverte,4.16,8420469432,9788420469430,spa,537,199,5,11/10/2005,Alfaguara
17694,The Zürau Aphorisms,Franz Kafka/Michael Hofmann/Geoffrey Brock/Roberto Calasso,3.75,0805212078,9780805212075,eng,160,648,57,12/26/2006,Schocken
25023,Irish Traditional Cooking: Over 300 Recipes from Ireland's Heritage,Darina Allen/Regina Sexton,4.19,190492011X,9781904920113,eng,288,200,7,12/22/2004,Kyle Books
23887,The Autumn of the Patriarch,Gabriel García Márquez/Gregory Rabassa,3.85,0060882867,9780060882860,eng,255,12336,492,3/14/2006,Harper Perennial Modern Classics
45392,The Brave Women of the Gulf Wars: Operation Desert Storm and Operation Iraqi Freedom,Karen Zeinert/Mary Miller,4.0,0761327053,9780761327059,eng,112,1,0,9/1/2005,Twenty-First Century Books (CT)
18488,Frankenstein  or the Modern Prometheus,Mary Wollstonecraft Shelley/Margaret Brantley,3.79,0743487583,9780743487580,eng,324,12897,780,5/1/2004,Pocket Books
45492,Northern Lights (His Dark Materials  #1),Philip Pullman,3.98,0439994128,9780439994125,en-GB,399,836,62,9/14/2001,Scholastic Press
21437,Pop Goes the Weasel,James Patterson/Roger Rees/Keith David,4.0,1594836116,9781594836114,en-GB,460,49,5,11/13/2006,Little  Brown & Company
14384,A Hunger Like No Other (Immortals After Dark  #1),Kresley Cole,4.19,1416509879,9781416509875,eng,356,57010,2634,4/1/2006,Pocket Star
59,The Changeling Sea,Patricia A. McKillip,4.06,0141312629,9780141312620,eng,137,4454,302,4/14/2003,Firebird
6144,The Moonstone,Wilkie Collins/P.D. James,3.91,0192100289,9780192100283,eng,576,74,6,6/10/1999,Oxford University Press  USA
80,La Place de la Concorde Suisse,John McPhee,3.92,0374519323,9780374519322,fre,160,698,52,4/1/1994,Farrar  Straus and Giroux
34871,The Complete Clive Barker's The Great And Secret Show,Chris Ryall/Gabriel Rodríguez/Clive Barker,4.23,1600100295,9781600100291,eng,136,17422,67,11/8/2006,IDW Publishing
21759,Tripwire (Jack Reacher  #3),Lee Child/Dick Hill,4.09,1593555601,9781593555603,eng,14,11,1,11/25/2004,Brilliance Audio
4415,East Of Eden,John Steinbeck,4.37,0553116088,9780553116083,eng,691,83,18,1/1/1977,Bantam Books
18328,The Artist of the Missing,Paul La Farge/Stephen Alcorn,3.58,0374525803,9780374525804,eng,256,99,10,6/4/1999,Farrar  Strauss & Giroux-3pl
157,Anna Karenina,Leo Tolstoy/Constance Garnett/Amy Mandelker,4.05,1593081774,9781593081775,eng,803,303,48,8/26/2004,Barnes & Noble
3976,Hard Freeze (Joe Kurtz  #2),Dan Simmons,3.84,0312989482,9780312989484,eng,320,734,44,9/15/2003,Minotaur Books
41005,The Right Stuff,Tom Wolfe,4.24,1579124585,9781579124588,eng,304,213,24,5/1/2005,Black Dog & Leventhal
38030,Savannah Blues (Weezie and Bebe Mysteries  #1),Mary Kay Andrews,3.99,0060519134,9780060519131,en-US,404,16006,1049,7/10/2012,Harper Paperbacks
21611,The Forever War (The Forever War  #1),Joe Haldeman,4.15,0060510862,9780060510862,eng,278,108783,4005,9/2/2003,Voyager
24079,Casino Royale (James Bond  #1),Ian Fleming,3.73,0340425679,9780340425671,eng,188,56,8,10/1/1988,Coronet
40504,Once a Warrior (Warriors  #1),Karyn Monk,3.75,0553574221,9780553574227,eng,384,309,20,3/31/1997,Fanfare
30069,The Walking Dead  Vol. 3: Safety Behind Bars,Robert Kirkman/Charlie Adlard/Cliff Rathburn,4.3,1582404879,9781582404875,eng,136,25796,1020,6/18/2005,Image Comics
2504,The Complete Short Stories,H.G. Wells/John R. Hammond,4.14,1842124021,9781842124024,eng,864,875,33,5/1/2001,Orion Publishing
14055,The Little Friend,Donna Tartt,3.46,0747562113,9780747562115,eng,559,220,25,10/28/2002,Bloomsbury
14295,Pastoralia,George Saunders,4.11,0747553866,9780747553861,eng,188,13431,931,9/8/2001,Bloomsbury Publishing
4986,God Bless You  Dr. Kevorkian,Kurt Vonnegut Jr.,3.84,0743422007,9780743422000,eng,80,12754,558,5/22/2001,Washington Square Press
18042,Laughing Gas,P.G. Wodehouse,3.89,1585672327,9781585672325,eng,286,1723,129,1/1/2002,Harry N. Abrams
523,Golding's Lord of the Flies (Cliffs Notes),Maureen Kelly/CliffsNotes/William Golding,3.95,0764585975,9780764585975,eng,112,73,8,6/13/2000,Cliffs Notes
45639,Poor People,William T. Vollmann,3.72,0060878827,9780060878825,eng,434,769,139,2/27/2007,Ecco
3858,Holy Cow: An Indian Adventure,Sarah Macdonald,3.53,0767915747,9780767915748,eng,304,15315,1101,4/13/2004,Broadway Books
28522,Starshield: Sentinels,Margaret Weis/Tracy Hickman,3.57,0345397606,9780345397607,eng,421,182,6,11/17/1998,Del Rey
8089,Rose Daughter,Robin McKinley,3.77,0441005837,9780441005833,eng,304,17168,997,12/1/1998,Ace
38469,Going to Meet the Man,James Baldwin,4.35,0679761799,9780679761792,eng,249,4022,309,4/25/1995,Vintage Books a division of Random House
2960,Adventures of Huckleberry Finn,Mark Twain/George Saunders,3.82,0375757376,9780375757372,eng,244,687,37,8/14/2001,The Modern Library
17267,The Great Divorce,C.S. Lewis,4.28,0006280560,9790007672386,eng,160,87527,3867,2/1/2002,HarperCollins
25715,Treatise on Happiness,Thomas Aquinas/John A. Oesterle,3.83,0268018499,9780268018498,eng,224,76,3,1/1/1984,University of Notre Dame Press
1499,Medea,Euripides/Georgia Ann Machemer/Michael   Collier,3.87,0195145666,9780195145663,eng,116,367,35,8/10/2006,Oxford University Press  USA
13545,Jojo's Bizarre Adventure  Tome 18: Death Thirteen (Stardust Crusaders  #6),Hirohiko Araki/Hirohiko Araki,4.36,2290328316,9782290328316,fre,188,2,1,6/27/2003,J'ai Lu
22602,Carly's Sound,Ali Vali,4.21,1933110457,9781933110455,eng,212,454,11,6/1/2006,Bold Strokes Books
5135,Point Counter Point,Aldous Huxley,3.86,1564781313,9781564781314,eng,432,9522,210,10/1/1996,Dalkey Archive Press
27861,Data Structures and Algorithms in C++,Adam Drozdek,3.8,0534375979,9780534375973,en-US,528,35,5,6/30/2000,Course Technology
44781,Parliament of Whores: A Lone Humorist Attempts to Explain the Entire U.S. Government,P.J. O'Rourke,4.01,0802139701,9780802139702,en-US,240,2762,180,1/7/2003,Grove Press
37566,Trapped in the Mirror: Adult Children of Narcissists in Their Struggle for Self,Elan Golomb,3.82,0688140718,9780688140717,en-US,272,779,82,3/28/1995,William Morrow Paperbacks
39510,The Burglar Who Traded Ted Williams (Bernie Rhodenbarr  #6),Lawrence Block,3.89,0060731443,9780060731441,eng,384,2190,98,10/25/2005,HarperTorch
44001,Small Island,Andrea Levy,3.95,0312424671,9780312424671,eng,441,21165,1145,4/1/2005,Picador USA
38547,Mosquito Bite,Alexandra Siy/Dennis Kunkel,3.51,157091592X,9781570915925,eng,32,72,19,2/1/2006,Charlesbridge
1698,Confessions  Books 1-13,Augustine of Hippo/Peter R.L. Brown/Frank Sheed,3.92,0872201864,9780872201866,eng,296,84,8,1/1/1993,Hackett Publ. Co Inc
44905,Writing Down the Bones: Freeing the Writer Within,Natalie Goldberg,4.19,1590303164,9781590303160,eng,312,21673,1395,1/10/2006,Shambhala Publications
7015,A Midsummer Night's Dream,William Shakespeare/Roma Gill,3.94,0198320213,9780198320210,eng,99,14,3,8/15/2002,Oxford University Press  USA
32113,Ali and Nino,Kurban Said/Jenia Graman,3.92,0099283220,9780099283225,eng,237,147,22,10/5/2000,Vintage/Ebury
43828,The Unauthorized Anne Rice Companion,George Beahm,3.68,0836210360,9780836210361,eng,246,97,0,5/1/1996,Andrews and McMeel
11604,The Girl Who Loved Tom Gordon,Stephen King,3.59,0671042858,9780671042851,eng,264,1997,184,2/1/2000,Pocket Books
16304,Murder on the Orient Express (Hercule Poirot  #10),Agatha Christie,4.17,0425200450,9780425200452,eng,322,145660,5711,8/31/2004,Berkley
31204,Tom Jones,Henry Fielding/Doreen Roberts,3.74,1853260215,9781853260216,eng,734,564,48,5/5/1992,Wordsworth Editions
10490,Postscript to the Name of the Rose,Umberto Eco,4.05,015173156X,9780151731565,eng,84,661,34,1/1/1984,Houghton Mifflin Harcourt P
21735,The Enemy (Jack Reacher  #8),Lee Child/Dick Hill,4.16,1593553943,9781593553944,eng,14,178,35,5/11/2004,Brilliance Audio
29533,Satan Burger,Carlton Mellick III,3.56,0971357234,9780971357235,eng,230,1691,129,11/1/2001,Eraserhead Press
38532,The New Jessica (Sweet Valley High  #32),Francine Pascal/Kate William,3.44,0553275607,9780553275605,eng,136,1054,25,10/1/1986,Bantam Books
38333,Black Hole,Charles Burns,3.84,037542380X,9780375423802,eng,368,38261,2037,10/18/2005,Pantheon
12828,How to Be Alone,Jonathan Franzen,3.59,0007153589,9780007153589,eng,306,336,33,7/2/2007,Harper Perennial
29745,Deception,Philip Roth,3.34,0099801906,9780099801900,eng,208,1524,118,1/17/2006,Vintage
25200,Silence,Shūsaku Endō/William Johnston,4.08,0800871863,9780800871864,eng,201,17485,2100,1/1/1999,Taplinger Publishing
10796,A Farewell to Arms,Ernest Hemingway/John Slattery,3.8,0743564375,9780743564373,eng,8,290,65,5/1/2006,Simon  Schuster Audio
41342,Ranma 1/2  Vol. 8 (Ranma ½ (US 2nd)  #8),Rumiko Takahashi,4.15,1591161304,9781591161301,eng,196,1473,22,1/7/2004,Viz Media
45292,Walt Whitman: Words for America,Barbara Kerley/Brian Selznick,4.05,0439357918,9780439357913,eng,56,258,58,10/1/2004,Scholastic Press
34157,Political Philosophy: A Beginner's Guide for Students and Politicians,Adam Swift,3.93,0745628478,9780745628479,eng,194,6,0,10/15/2001,Polity Press
26805,The Sibley Field Guide to Birds of Western North America,David Allen Sibley,4.69,0679451218,9780679451211,en-US,473,730,36,4/29/2003,Alfred A. Knopf
44972,Bob Marley - Songs of Freedom,Bob Marley,4.48,0793536693,9780793536696,eng,200,16,1,12/1/1995,Hal Leonard Publishing Corporation
36361,1848: The Revolution of the Intellectuals,Lewis B. Namier/James Joll,3.11,0197261116,9780197261118,eng,144,15,0,3/12/1992,British Academy
22226,The Sultan's Bought Bride  (Princess Brides  #1),Jane Porter,3.74,037312418X,9780373124183,eng,192,224,20,8/25/2004,Harlequin Presents
41648,Chicken Trek,Stephen Manes,4.39,0553157167,9780553157161,eng,128,96,8,7/1/1989,Bantam Skylark
36303,'Salem's Lot,Stephen King,4.02,0451139690,9780451139696,eng,427,186,22,8/1/1976,Signet
23238,The Cat's Fancy,Julie Kenner,3.57,0505523973,9780505523976,eng,391,244,27,8/1/2000,Love Spell
44309,Reading in the Dark,Seamus Deane,3.73,0375700234,9780375700231,en-US,256,3237,227,2/24/1998,Vintage
31102,Straight Talking,Jane Green,3.64,0141011513,9780141011516,en-GB,304,234,12,9/5/2002,Penguin
28867,The Princes of Ireland (The Dublin Saga  #1),Edward Rutherfurd,3.86,0345472357,9780345472359,eng,778,10514,865,3/1/2005,Ballantine Books
26324,Social Intelligence: The New Science of Human Relationships,Daniel Goleman,3.98,0553803522,9780553803525,eng,403,10327,318,9/26/2006,Bantam Books
33727,Welcome to Temptation (Dempseys  #1),Jennifer Crusie,3.94,0312932804,9780312932800,eng,416,28903,918,7/11/2004,St. Martin's Paperbacks
3684,The Black Book of Hollywood Beauty Secrets,Kym Douglas/Cindy Pearlman,3.37,0452287650,9780452287655,en-US,224,130,16,12/1/2006,Plume Books
11921,Industrial Magic (Women of the Otherworld #4),Kelley Armstrong,4.13,0553587072,9780553587074,eng,528,777,48,10/26/2004,Bantam Spectra
34548,If Chins Could Kill: Confessions of a B Movie Actor,Bruce Campbell,4.0,0312291450,9780312291457,eng,344,13622,731,8/24/2002,L.A. Weekly Books
39031,The Cabinet of Curiosities (Pendergast  #3),Douglas Preston/Lincoln Child,4.25,0446611239,9780446611237,eng,629,34650,1722,6/1/2003,Warner Books
5205,A Map of the World,Jane Hamilton/Frank  Muller/C.J. Critt,3.81,0385720106,9780385720106,en-GB,400,68554,1476,12/3/1999,Anchor Books
42855,Great Speeches by African Americans: Frederick Douglass  Sojourner Truth  Dr. Martin Luther King  Jr.  Barack Obama  and Others,James Daley/Barack Obama/Martin Luther King Jr.,4.3,0486447618,9780486447612,eng,160,230,21,4/28/2006,Dover Publications
40470,Cities of the Plain (The Border Trilogy  #3),Cormac McCarthy,4.09,0679747192,9780679747192,eng,292,17475,946,5/25/1999,Vintage
10682,The Secret of Fantasy Forest (Sweet Valley Kids #67),Francine Pascal/Molly Mia Stewart/Ying-Hwa Hu,3.94,0553483323,9780553483321,eng,96,54,2,9/1/1996,Sweet Valley
20219,Keats's Poetry and Prose,John Keats/Jeffrey N. Cox,4.3,0393924912,9780393924916,eng,673,291,10,8/1/2008,W. W. Norton & Company
12969,Winter's Tales,Isak Dinesen/Karen Blixen,3.9,0679743340,9780679743347,eng,320,1464,100,6/1/1993,Vintage
37477,Happiness,Will Ferguson,3.79,006052510X,9780060525101,eng,320,2256,182,6/3/2003,HarperPerennial
4935,The Brothers Karamazov,Fyodor Dostoyevsky/David McDuff,4.32,0140449248,9780140449242,eng,1013,1673,184,2/27/2003,Penguin Books Ltd
18533,Doctor Faustus and Other Plays,Christopher Marlowe/Eric Rasmussen/David Bevington,3.98,0192834452,9780192834454,eng,503,1712,40,5/7/1998,Oxford University Press
1489,Orestes and Other Plays,Euripides/James Morwood/Robin Waterfield,4.1,0192832603,9780192832603,eng,282,158,2,12/20/2001,Oxford University Press
6366,My Heart May Be Broken  but My Hair Still Looks Great (Domestic Equalizers #2),Dixie Cash,3.88,0061134236,9780061134234,eng,336,1226,120,8/29/2006,William Morrow Paperbacks
16994,The Flash: Dead Heat,Mark Waid/Oscar Jimenez/Humberto Ramos/José Marzán Jr./Wayne Faucher,3.93,1563896230,9781563896231,eng,144,216,10,8/1/2000,DC Comics
1234,Shadows and Wind: A View of Modern Vietnam,Robert Templer,3.49,0140285970,9780140285970,eng,400,102,8,9/1/1999,Penguin Books
2102,Stephen Hawking's Universe,John Boslough,4.02,0380707632,9780380707638,eng,160,674,30,6/1/1989,Avon
2166,The Old Man and the Sea,Ernest Hemingway/Donald Sutherland,3.77,0743564367,9780743564366,eng,3,393,77,5/1/2006,Simon  Schuster Audio
33501,Song of Cthulhu: Tales of the Spheres Beyond Sound,Stephen Mark Rainey/H.P. Lovecraft/Ramsey Campbell/Edward P. Berglund/Fred Chappel/Caitlín R. Kiernan/Thomas F. Montelone/E.A. Lustig/Brian McNaughton/William R. Trotter,3.67,1568821174,9781568821177,eng,211,45,4,12/3/2005,Chaosium
38650,Laura Ingalls Wilder Country: The People and places in Laura Ingalls Wilder's life and books,William   Anderson/Leslie A.  Kelly,4.24,0060973463,9780060973469,eng,120,91,7,12/1/1995,Harper Perennial
30735,The Complete Essays,Michel de Montaigne/M.A. Screech,4.24,0140446044,9780140446043,eng,1344,10657,290,2/25/1993,Penguin Classics
15578,The Elfstones of Shannara (The Original Shannara Trilogy #2),Terry Brooks,3.97,0345285549,9780345285546,eng,564,1691,152,10/10/2000,Del Rey Books
18279,Phenomenology of Perception,Maurice Merleau-Ponty/Colin Smith,4.15,0415278414,9780415278416,eng,544,5078,77,5/3/2005,Routledge
45529,Montaillou: The Promised Land of Error,Emmanuel Le Roy Ladurie/Barbara Bray,3.96,0394729641,9780394729640,eng,416,1142,62,7/12/1979,Vintage/Random House (NY)
39637,Run (Fearless  #3),Francine Pascal,3.93,067103748X,9780671037482,eng,205,2262,50,3/1/2000,Simon & Schuster (Trade Division)
4106,Blink 182,Anne Hoppus,4.42,0859653234,9780859653237,eng,112,62,4,12/1/2001,Plexus Publishing Ltd
25866,My Uncle Napoleon,Iraj Pezeshkzad/Dick Davis/Azar Nafisi,4.16,0812974433,9780812974430,eng,509,790,113,4/11/2006,Modern Library
14473,Merry Christmas  Amelia Bedelia,Peggy Parish/Lynn Sweat,4.29,0060099453,9780060099459,eng,64,2508,63,10/1/2002,Greenwillow Books
9223,Teaching Classical Ballet,John               White,4.47,081301395X,9780813013954,eng,200,15,1,4/20/1996,University Press of Florida
21071,Landscape and Memory,Simon Schama,4.17,0679735127,9780679735120,eng,672,900,80,11/5/1996,Vintage
31490,The Serpent and the Rainbow,Wade Davis,3.91,0684839296,9780684839295,en-US,304,3373,293,8/5/1997,Simon  Schuster
11978,Terraforming Earth,Jack Williamson,3.46,0765344971,9780765344977,eng,352,17,3,2/17/2003,Tor Science Fiction
16181,The Constant Princess (The Plantagenet and Tudor Novels  #6),Philippa Gregory,3.9,0743272498,9780743272490,eng,390,136931,3915,9/6/2006,Washington Square Press
42609,As You Like It,William Shakespeare/Juliet Dusinberre,3.83,1904271227,9781904271222,eng,449,410,36,7/25/2006,Bloomsbury Arden Shakespeare
2519,The Name of the Rose (Everyman's Library (Cloth)),Umberto Eco,4.12,0307264890,9780307264893,en-US,560,1338,113,9/26/2006,Everyman's Library
37947,The Pusher (87th Precinct  #3),Ed McBain,3.9,0752857932,9780752857930,eng,192,1098,75,7/3/2003,Orion Books
42355,God's Generals Why They Succeeded and Why Some Fail,Roberts Liardon,4.45,0883689448,9780883689448,eng,416,1481,67,11/1/2000,Whitaker House
21779,The Season: A Candid Look at Broadway,William Goldman,4.1,0879100230,73999768442,eng,448,291,35,7/1/2004,Limelight
36664,Mary Engelbreit's Home Companion,Charlotte Lyons/Mary Engelbreit/Barbara E. Martin,4.12,0836246217,9780836246216,eng,128,60,2,8/1/1994,Andrews McMeel Publishing
23547,America (The Book): A Citizen's Guide to Democracy Inaction  (Teacher's Edition),Jon   Stewart/Scott C. Jacobson,4.02,0446691860,9780446691864,en-GB,227,1827,116,9/25/2006,Warner Books
13922,Wolfskin (Saga of the Light Isles  #1),Juliet Marillier,4.01,0765345900,9780765345905,eng,544,5653,225,8/1/2004,Tor Books
11482,Looking for the Light: The Hidden Life and Art of Marion Post Wolcott,Paul Hendrickson/Marion Post Wolcott,4.07,0394577299,9780394577296,eng,297,14,3,4/21/1992,Alfred A. Knopf
13488,JoJo's Bizarre Adventure  Vol. 4 (Stardust Crusaders  #4),Hirohiko Araki,4.45,142150653X,9781421506531,eng,208,450,8,6/6/2006,VIZ Media
5875,Regeneration (Species Imperative  #3),Julie E. Czerneda,4.13,0756403456,9780756403454,en-US,543,54,2,5/2/2006,DAW Hardcover
4695,The Rabbi,Noah Gordon,3.69,0449214540,9780449214541,eng,448,921,44,8/12/1987,Fawcett
32686,Legends,Robert Silverberg/Stephen King/Robert Jordan/Terry Goodkind/Anne McCaffrey/Orson Scott Card/Tad Williams/George R.R. Martin/Raymond E. Feist/Terry Pratchett/Ursula K. Le Guin,3.92,0765300354,9780765300355,en-US,717,339,25,9/8/2001,Tor Books
44533,Hood,Emma Donoghue,3.59,1555834531,9781555834531,eng,309,1895,170,7/1/1998,Alyson Books
38898,The Guide to Hollywood and Beverly Hills,Charles Lockwood,4.33,0517550369,9780517550366,eng,174,3,0,1/16/1984,Random House Value Publishing
9124,The Picture of Dorian Gray,Oscar Wilde/Michael Gillespie,4.08,0393927547,9780393927542,en-US,517,663,52,8/1/2006,W. W. Norton & Company
25216,Eden: It's an Endless World  Volume 3 (Eden: It's an Endless World  #3),Hiroki Endo,4.2,1593075294,9781593075293,eng,224,421,14,5/16/2006,Dark Horse Manga
34288,The Time of the Ghost,Diana Wynne Jones,3.66,0064473546,9780064473545,eng,291,2122,123,1/1/1981,HarperTrophy
3579,The Complete Anne of Green Gables Boxed Set (Anne of Green Gables  #1-8),L.M. Montgomery,4.43,0553609416,76783609419,eng,2088,98611,1447,10/6/1998,Starfire
7716,Plays Pleasant,George Bernard Shaw/Dan H. Laurence/W.J. McCormack,3.9,0140437940,9780140437942,eng,336,265,10,3/27/2003,Penguin Classics
15872,Harry Potter y el misterio del príncipe (Harry Potter  #6),J.K. Rowling/Gemma Rovira Ortega,4.57,8478889930,9788478889938,spa,602,5104,386,2/28/2006,Salamandra
32286,A Mad People's History of Madness,Dale Peterson,4.33,0822953315,9780822953319,eng,384,9,0,3/15/1982,University of Pittsburgh Press
26055,The MacGregors: Alan & Grant (The MacGregors  #3-4),Nora Roberts,4.11,037328523X,9780373285235,eng,458,9423,90,6/16/2006,Mira
30268,Dates from Hell,Kim Harrison/Lynsay Sands/Kelley Armstrong/Lori Handeland,3.78,006085409X,9780060854096,eng,416,10630,309,3/28/2006,Avon
16842,A Single Man,Christopher Isherwood,4.1,0816638624,9780816638628,eng,192,17451,1029,3/20/2001,Univ Of Minnesota Press
43669,McNally's Caper (Archy McNally  #4),Lawrence Sanders,3.9,0425145301,9780425145302,eng,352,1604,49,1/1/1995,Berkley
26292,The Chairman (Christian Gillette  #1),Stephen W. Frey,3.98,0345457617,9780345457615,eng,415,2173,89,12/27/2005,Fawcett Books
8051,Gary Grizzle,Roger Hargreaves/Gray Jolliffe,4.33,0679801251,9780679801252,eng,32,3,0,10/14/1989,Random House for Young Readers
14318,Chronicles: Volume One,Bob Dylan,3.98,0743244583,9780743244589,eng,320,42014,1304,9/13/2005,Simon  Schuster
9619,Bradbury Stories: 100 of His Most Celebrated Tales,Ray Bradbury,4.41,0060544880,9780060544881,eng,912,5161,184,4/5/2005,William Morrow Paperbacks
24657,Penguin Book Of Norse Myths: Gods Of The Vikings,Kevin Crossley-Holland,4.2,0140258698,9780140258691,en-GB,276,116,9,1/7/1997,Penguin UK
20316,Bullet Proof (Eliot Ness  #3),Max Allan Collins,3.98,0727862987,9780727862983,eng,197,31,2,12/20/2005,Severn House Publishers
33777,Venice: Tales of the City,Michelle Lovric,3.68,034911899X,9780349118994,eng,464,34,3,1/20/2005,Abacus
6721,Wild Things: Four Tales,Douglas Clegg,3.58,1587671565,9781587671562,eng,97,67,8,10/1/2006,Cemetery Dance Publications
5217,One Hundred Years of Solitude,Gabriel García Márquez/Gregory Rabassa,4.07,1417735988,9781417735983,eng,417,90,5,2/1/2006,Turtleback Books
25841,The Road To War  1933 39,Andrew      Hunt,0.0,0340774770,9780340774779,eng,128,0,0,4/1/2000,Hodder & Stoughton Educational Division
33137,Floating in My Mother's Palm,Ursula Hegi/John Collier/Francine Kass,3.82,0684854759,9780684854755,en-US,192,2738,218,7/3/1998,Touchstone
30646,Beyond the Chains of Illusion: My Encounter with Marx and Freud,Erich Fromm/Rainer Funk,4.07,082641897X,9780826418975,eng,152,285,20,12/17/2006,Bloomsbury / Continuum
33507,Twenty Thousand Leagues Under the Sea (Extraordinary Voyages  #6),Jules Verne/Anthony Bonner,3.88,076072850X,9780760728505,eng,394,142879,3087,4/1/2002,Barnes & Noble
3468,El Guardián,Nicholas Sparks/Ramón González Férriz,4.15,8496284530,9788496284531,spa,444,31,3,4/1/2005,Roca Editorial
32951,Sister Outsider: Essays and Speeches,Audre Lorde,4.49,0895941414,9780895941411,en-GB,190,12105,568,6/1/1984,Crossing Press
16035,When the Elephants Dance,Tess Uriza Holthe,4.03,0142002887,9780142002889,en-US,368,2627,382,6/24/2003,Penguin Books
7959,Rachel & Leah (Women of Genesis  #3),Orson Scott Card,3.85,0765341298,9780765341297,en-GB,368,5618,514,11/29/2005,Forge Books
44644,Principle-Centered Leadership,Stephen R. Covey,4.1,0671792806,9780671792800,eng,336,15003,140,10/1/1992,Free Press
43812,Entrevista con el vampiro (Crónicas vampíricas  #1),Anne Rice/Marcelo Covián,3.99,8466616209,9788466616201,spa,463,1307,93,6/1/2005,Ediciones B
32264,The Family that Couldn't Sleep,D.T. Max,3.91,1400062454,9781400062454,eng,299,4568,350,9/5/2006,Random House (NY)
110,The Road to Dune,Frank Herbert/Brian Herbert/Kevin J. Anderson,3.88,0765353709,9780765353702,eng,426,4789,83,8/29/2006,Tor Science Fiction
30143,L'albero,Shel Silverstein/Daniela Gamba,4.37,887782719X,9788877827197,ita,62,36,7,5/1/2000,Salani
19337,The Tale of the Flopsy Bunnies,Beatrix Potter,4.19,072324779X,9780723247791,eng,58,5209,130,3/7/2002,Warne
34539,Going Postal (Discworld  #33),Terry Pratchett,4.38,0060013133,9780060013134,en-US,377,969,114,9/28/2004,Harper
25440,The Namesake: A Portrait of the Film Based on the Novel by Jhumpa Lahiri,Mira Nair/Jhumpa Lahiri,4.05,1557047413,9781557047410,eng,144,621,26,12/1/2006,Newmarket
28428,The Secret Swan,Shana Abe,3.67,0553582003,9780553582000,eng,393,695,51,4/3/2001,Bantam
26147,Man's Search for Meaning,Viktor E. Frankl/Ilse Lasch/Gordon W. Allport,4.36,1844132390,9781844132393,eng,160,1959,198,5/6/2004,Rider
1935,Little Women (Little Women  #1),Louisa May Alcott/Scott McKowen,4.07,1402714580,9781402714580,eng,536,1395,131,10/1/2004,Sterling
4686,Ultimate Punishment,Scott Turow,3.81,031242373X,9780312423735,eng,176,506,50,8/1/2004,St. Martins Press-3PL
34327,La Biblia de los Critales: Guia definitiva de los cristales (Cuerpo-Mente),Judy Hall,4.38,8484451143,9788484451143,spa,383,6,0,1/1/2006,Gaia Books
15598,Heart & Hands: A Midwife's Guide to Pregnancy & Birth,Elizabeth  Davis/Suzanne Arms,4.37,1587612216,9781587612213,eng,312,875,43,11/1/2004,Celestial Arts
16685,The Cat Who Walks Through Walls (The World As Myth),Robert A. Heinlein,3.7,0441094996,9780441094998,en-US,388,19427,572,6/1/1988,Ace Books
18790,The Portable Faulkner,William Faulkner/Malcolm Cowley,4.29,014243728X,9780142437285,eng,650,776,22,2/25/2003,Penguin Books
18615,Princess Sultana's Daughters,Jean Sasson,3.89,038547444X,9780385474443,eng,229,59,5,6/1/1994,Doubleday Books
25672,Confessions of Saint Augustine (Paraclete Living Library),Augustine of Hippo/J.M. Lelen,3.92,0899421695,9780899421698,eng,448,13,4,1/1/1997,Catholic Book Publishing
22331,Stable Strategies and Others,Eileen Gunn/Howard Waldrop/William Gibson,3.77,189239118X,9781892391186,eng,208,104,19,9/1/2004,Tachyon Publications
10574,The Colorado Kid,Stephen King,3.32,0843955848,9780843955842,eng,178,24611,1970,2/20/2006,Hard Crime Case
30399,The Switch,Sandra Brown,3.92,0749932554,9780749932558,eng,576,9295,478,9/6/2001,Piatkus Books
531,A War Like No Other: How the Athenians & Spartans Fought the Peloponnesian War,Victor Davis Hanson,4.11,0812969707,9780812969702,eng,397,1693,100,9/12/2006,Random House
17031,Flatland,Edwin A. Abbott/Ian Stewart,3.82,190398517X,9781903985175,eng,272,14,2,3/6/2002,Basic Books
24205,Boys Against Girls (Sweet Valley Twins  #17),Francine Pascal/Jamie Suzanne,3.47,0553155717,9780553155716,eng,104,18,2,3/1/1988,Bantam
22803,犬夜叉 26,Rumiko Takahashi,4.28,4091256465,9784091256461,jpn,192,11,1,6/18/2002,小学館
7591,A Portrait of the Artist as a Young Man,James Joyce/Jim Norton,3.61,9626343664,9789626343661,eng,368,27,8,8/1/2005,Naxos Audiobooks
30626,Letters to Children,C.S. Lewis/Lyle Wesley Dorsett/Marjorie Lamp Mead/Douglas Gresham,4.19,0805420436,9780805420432,eng,128,1634,134,3/31/1999,B&H Publishing Group
10500,Baby Names for Dummies,Margaret  Rose/Heather Rose Jones,3.32,0764543407,9780764543401,eng,364,13,7,5/1/2005,For Dummies
2411,Melville and the politics of identity: From *King Lear* to *Moby-Dick*,Julian Markels,3.33,0252063023,9780252063022,eng,164,0,0,7/1/1993,University of Illinois Press
